Country,Good,Child_Labor,Forced_Labor,Forced_Child_Labor
Afghanistan,Bricks,X,X,X
Afghanistan,Carpets,X,,
Afghanistan,Coal,X,,
Afghanistan,Poppies,X,,
Afghanistan,Salt,X,,
Angola,Diamonds,X,X,
Argentina,Bricks,X,,
Argentina,Cotton,X,,
Argentina,Garlic,X,,
Argentina,Garments,X,X,X
Argentina,Grapes,X,,
Argentina,Olives,X,,
Argentina,Strawberries,X,,
Argentina,Tobacco,X,,
Argentina,Tomatoes,X,,
Argentina,Yerba Mate (stimulant plant),X,,
Azerbaijan,Cotton,X,,
Bangladesh,Bidis (hand-rolled cigarettes),X,,
Bangladesh,Bricks,X,,
Bangladesh,Dried Fish,X,X,X
Bangladesh,Footwear,X,,
Bangladesh,Furniture (steel),X,,
Bangladesh,Garments,X,X,
Bangladesh,Glass,X,,
Bangladesh,Jute (textiles),X,,
Bangladesh,Leather,X,,
Bangladesh,Matches,X,,
Bangladesh,Poultry,X,,
Bangladesh,Salt,X,,
Bangladesh,Shrimp,X,,
Bangladesh,Soap,X,,
Bangladesh,Textiles,X,,
Belarus,Furniture,,X,
Belarus,Lumber,,X,
Belize,Bananas,X,,
Belize,Citrus Fruits,X,,
Belize,Sugarcane,X,,
Benin,Cotton,X,X,X
Benin,Granite (crushed),X,,
Bolivia,Brazil Nuts/Chestnuts,X,X,X
Bolivia,Bricks,X,,
Bolivia,Cattle,X,X,
Bolivia,Coca (stimulant plant),X,,
Bolivia,Corn,X,X,
Bolivia,Gold,X,,
Bolivia,Lead,X,,
Bolivia,Peanuts,,X,
Bolivia,Silver,X,,
Bolivia,Sugarcane,X,X,X
Bolivia,Tin,X,,
Bolivia,Zinc,X,,
Brazil,Açaí Berries,X,,
Brazil,Bananas,X,,
Brazil,Beef,X,,
Brazil,Bricks,X,,
Brazil,Cashews,X,,
Brazil,Cattle,X,X,
Brazil,Ceramics,X,,
Brazil,Charcoal,X,X,
Brazil,Cocoa,X,,
Brazil,Coffee,X,X,
Brazil,Corn,X,,
Brazil,Cotton,X,,
Brazil,Fish,X,,
Brazil,Footwear,X,,
Brazil,Garments,,X,
Brazil,Hogs,X,,
Brazil,Manioc/Cassava,X,,
Brazil,Pineapples,X,,
Brazil,Poultry,X,,
Brazil,Rice,X,,
Brazil,Sheep,X,,
Brazil,Sisal,X,,
Brazil,Sugarcane,X,X,
Brazil,Timber,,X,
Brazil,Tobacco,X,,
Burkina Faso,Cotton,X,X,X
Burkina Faso,Gold,X,X,X
Burkina Faso,Granite,X,,
Burma,Bamboo,X,X,X
Burma,"Beans (green, soy, yellow)",X,X,X
Burma,Bricks,X,X,X
Burma,Fish,,X,
Burma,Garments,X,X,
Burma,Jade,X,X,
Burma,Palm Thatch,,X,
Burma,Rice,X,X,X
Burma,Rubber,X,X,X
Burma,Rubies,X,X,
Burma,Sesame,,X,
Burma,Shrimp,,X,
Burma,Sugarcane,X,X,X
Burma,Sunflowers,,X,
Burma,Teak,X,X,X
Cambodia,Alcoholic Beverages,X,,
Cambodia,Bovines,X,,
Cambodia,Bricks,X,X,X
Cambodia,Fish,X,,
Cambodia,Manioc/Cassava,X,,
Cambodia,Meat,X,,
Cambodia,Rubber,X,,
Cambodia,Shrimp,X,,
Cambodia,Sugarcane,X,,
Cambodia,Textiles,X,,
Cambodia,Timber,X,,
Cambodia,Tobacco,X,,
Cameroon,Cocoa,X,,
Cameroon,Gold,X,,
Central African Republic,Diamonds,X,,
Central African Republic,Gold,X,,
Chad,Cattle,X,,
Chad,Gold,,X,
China,Aluminum,,X,
China,Artificial Flowers,,X,
China,Bricks,X,X,X
China,Caustic Soda,,X,
China,Christmas Decorations,,X,
China,Coal,,X,
China,Cotton,X,X,X
China,Electronics,X,X,X
China,Fireworks,X,X,
China,Fish,,X,
China,Footwear,,X,
China,Garments,,X,
China,Gloves,,X,
China,Hair Products,,X,
China,Jujubes,,X,
China,Metallurgical Grade Silicon,,X,
China,Nails,,X,
China,Polysilicon,,X,
China,Polyvinyl Chloride,,X,
China,Squid,,X,
China,Textiles,X,X,
China,Thread/Yarn,,X,
China,Tomato Products,,X,
China,Toys,X,X,X
Colombia,Bricks (clay),X,,
Colombia,Coal,X,,
Colombia,Coca (stimulant plant),X,X,X
Colombia,Coffee,X,,
Colombia,Emeralds,X,,
Colombia,Fruits (Pome and Stone) ,X,,
Colombia,Gold,X,,
Colombia,Grapes,X,,
Colombia,Pornography,X,,
Colombia,Sugarcane,X,,
Costa Rica,Cattle,X,,
Costa Rica,Coffee,X,,
Côte d'Ivoire,Cocoa,X,X,X
Côte d'Ivoire,Coffee,X,X,X
Democratic Republic of the Congo,Cobalt Ore (heterogenite),X,X,
Democratic Republic of the Congo,Copper Ore,X,,
Democratic Republic of the Congo,Diamonds,X,,
Democratic Republic of the Congo,Gold,X,X,X
Democratic Republic of the Congo,Tantalum Ore (coltan),X,X,X
Democratic Republic of the Congo,Tin Ore (cassiterite),X,X,X
Democratic Republic of the Congo,Tungsten Ore (wolframite),X,X,X
Dominican Republic,Baked Goods,X,,
Dominican Republic,Coffee,X,,
Dominican Republic,Rice,X,,
Dominican Republic,Sugarcane,X,X,
Dominican Republic,Tomatoes,X,,
Ecuador,Bananas,X,,
Ecuador,Bovines,X,,
Ecuador,Bricks,X,,
Ecuador,Flowers,X,,
Ecuador,Gold,X,,
Ecuador,Hogs,X,,
Ecuador,Poultry,X,,
Ecuador,Rice,X,,
Egypt,Bricks,X,,
Egypt,Cotton,X,,
Egypt,Stones (limestone),X,,
El Salvador,Baked Goods,X,,
El Salvador,Cattle,X,,
El Salvador,Cereal Grains,X,,
El Salvador,Coffee,X,,
El Salvador,Fireworks,X,,
El Salvador,Shellfish,X,,
El Salvador,Sugarcane,X,,
Eswatini,Bovines,X,,
Ethiopia,Cattle,X,,
Ethiopia,Gold,X,,
Ethiopia,Khat (stimulant),X,,
Ethiopia,Textiles (hand-woven),X,X,X
Ghana,Bovines,X,,
Ghana,Cocoa,X,,
Ghana,Fish,X,X,X
Ghana,Gold,X,,
Ghana,Rice,X,,
Ghana,Textiles,X,,
Ghana,Tilapia (fish),X,X,X
Guatemala,Broccoli,X,,
Guatemala,Coffee,X,,
Guatemala,Corn,X,,
Guatemala,Fireworks,X,,
Guatemala,Gravel (crushed stones),X,,
Guatemala,Sugarcane,X,,
Guinea,Cashews,X,,
Guinea,Cocoa,X,,
Guinea,Coffee,X,,
Guinea,Diamonds,X,,
Guinea,Gold,X,,
Honduras,Coffee,X,,
Honduras,Lobsters,X,,
Honduras,Melons,X,,
India,Bidis (hand-rolled cigarettes),X,,
India,Brassware,X,,
India,Bricks,X,X,X
India,Carpets,X,X,
India,Cotton,X,,
India,Cottonseed (hybrid),X,X,X
India,Embellished Textiles,X,X,X
India,Fireworks,X,,
India,Footwear,X,,
India,Garments,X,X,X
India,Gems,X,,
India,Glass Bangles,X,,
India,Incense (agarbatti),X,,
India,Leather Goods/Accessories,X,,
India,Locks,X,,
India,Matches,X,,
India,Mica,X,,
India,Recovered Metals (electronic waste),X,,
India,Rice,X,X,X
India,Sandstone,X,X,
India,Shrimp,,X,
India,Silk Fabric,X,,
India,Silk Thread,X,,
India,Soccer Balls,X,,
India,Stones,X,X,X
India,Sugarcane,X,X,
India,Tea,,X,
India,Thread/Yarn,X,X,
Indonesia,Fish,X,X,
Indonesia,Footwear (sandals),X,,
Indonesia,Gold,X,,
Indonesia,Nickel,,X,
Indonesia,Palm Fruit,X,X,
Indonesia,Rubber,X,,
Indonesia,Tin,X,,
Indonesia,Tobacco,X,,
Iran,Bricks,X,,
Iran,Carpets,X,,
Kazakhstan,Cotton,X,X,
Kenya,Cattle,X,,
Kenya,Coffee,X,,
Kenya,Fish,X,,
Kenya,Gold,X,,
Kenya,Khat/Miraa (stimulant plant),X,,
Kenya,Rice,X,,
Kenya,Sand,X,,
Kenya,Sisal,X,,
Kenya,Stones,X,,
Kenya,Sugarcane,X,,
Kenya,Tea,X,,
Kenya,Tobacco,X,,
Kyrgyz Republic,Cotton,X,,
Kyrgyz Republic,Tobacco,X,,
Lebanon,Potatoes,X,,
Lebanon,Tobacco,X,,
Lesotho,Cattle,X,,
Liberia,Diamonds,X,,
Liberia,Rubber,X,,
Madagascar,Mica,X,,
Madagascar,Sapphires,X,,
Madagascar,Stones,X,,
Madagascar,Vanilla,X,,
Malawi,Tea,X,,
Malawi,Tobacco,X,X,X
Malaysia,Electronics,,X,
Malaysia,Garments,,X,
Malaysia,Palm Fruit,X,X,
Malaysia,Rubber Gloves,,X,
Mali,Cotton,X,,
Mali,Gold,X,,
Mali,Rice,X,X,X
Mauritania,Cattle,X,,
Mauritania,Goats,X,,
Mauritius,Garments,,X,
Mexico,Beans (green beans),X,,
Mexico,Cattle,X,,
Mexico,Chile Peppers,X,X,
Mexico,Coffee,X,,
Mexico,Cucumbers,X,,
Mexico,Eggplants,X,,
Mexico,Garments,X,,
Mexico,Leather Goods/Accessories,X,,
Mexico,Melons,X,,
Mexico,Onions,X,,
Mexico,Poppies,X,,
Mexico,Pornography,X,,
Mexico,Sugarcane,X,,
Mexico,Tobacco,X,,
Mexico,Tomatoes,X,X,
Mongolia,Coal,X,,
Mongolia,Gold,X,,
Mozambique,Tobacco,X,,
Nepal,Bricks,X,X,X
Nepal,Carpets,X,X,X
Nepal,Embellished Textiles,X,X,X
Nepal,Stones,X,X,X
Nicaragua,Bananas,X,,
Nicaragua,Coffee,X,,
Nicaragua,Gold,X,,
Nicaragua,Gravel (crushed stones),X,,
Nicaragua,Shellfish,X,,
Nicaragua,Stones (pumice),X,,
Nicaragua,Tobacco,X,,
Niger,Cattle,,X,
Niger,Gold,X,,
Niger,Gypsum (mineral),X,,
Niger,Salt,X,,
Niger,Trona (mineral),X,,
Nigeria,Cocoa,X,X,X
Nigeria,Gold,X,,
Nigeria,Granite,X,X,X
Nigeria,Gravel (crushed stones),X,X,X
Nigeria,Manioc/Cassava,X,,
Nigeria,Sand,X,,
North Korea,Bricks,,X,
North Korea,Cement,,X,
North Korea,Coal,,X,
North Korea,Gold,,X,
North Korea,Iron,,X,
North Korea,Textiles,,X,
North Korea,Timber,,X,
Pakistan,Baked Goods,X,,
Pakistan,Bovines,X,,
Pakistan,Bricks,X,X,X
Pakistan,Carpets,X,X,X
Pakistan,Coal,X,X,X
Pakistan,Cotton,,X,
Pakistan,Dairy Products,X,,
Pakistan,Electronics,X,,
Pakistan,Furniture,X,,
Pakistan,Garments,X,,
Pakistan,Glass Bangles,X,,
Pakistan,Leather,X,,
Pakistan,Rice,X,,
Pakistan,Sugarcane,,X,
Pakistan,Surgical Instruments,X,,
Pakistan,Textiles,X,,
Pakistan,Wheat,,X,
Panama,Coffee,X,,
Panama,Melons,X,,
Paraguay,Beans ,X,,
Paraguay,Bricks,X,,
Paraguay,Cabbages,X,,
Paraguay,Carrots,X,,
Paraguay,Cattle,X,X,
Paraguay,Corn,X,,
Paraguay,Fish,X,,
Paraguay,Goats,X,,
Paraguay,Hogs,X,,
Paraguay,Lettuce,X,,
Paraguay,Manioc/Cassava,X,,
Paraguay,Melons,X,,
Paraguay,Onions,X,,
Paraguay,Peanuts,X,,
Paraguay,Peppers,X,,
Paraguay,Pornography,X,,
Paraguay,Poultry,X,,
Paraguay,Sesame,X,,
Paraguay,Sheep,X,,
Paraguay,Stones (limestone),X,,
Paraguay,Sugarcane,X,,
Paraguay,Sweet Potatoes,X,,
Paraguay,Tomatoes,X,,
Paraguay,Yerba Mate (stimulant plant),X,,
Peru,Brazil Nuts/Chestnuts,,X,
Peru,Bricks,X,,
Peru,Coca (stimulant plant),X,,
Peru,Fireworks,X,,
Peru,Fish,X,,
Peru,Gold,X,X,
Peru,Timber,,X,
Philippines,Bananas,X,,
Philippines,Coconuts,X,,
Philippines,Corn,X,,
Philippines,Fashion Accessories,X,,
Philippines,Fish,X,,
Philippines,Gold,X,,
Philippines,Hogs,X,,
Philippines,Pornography,X,,
Philippines,Pyrotechnics,X,,
Philippines,Rice,X,,
Philippines,Rubber,X,,
Philippines,Sugarcane,X,,
Philippines,Tobacco,X,,
Russia,Bricks,,X,
Russia,Pornography,X,X,X
Russia,Timber,,X,
Rwanda,Tea,X,,
Senegal,Gold,X,,
Sierra Leone,Cocoa,X,,
Sierra Leone,Coffee,X,,
Sierra Leone,Diamonds,X,X,X
Sierra Leone,Granite,X,,
Sierra Leone,Palm Fruit,X,,
South Sudan,Cattle,X,X,X
Sudan,Gold,X,,
Suriname,Gold,X,,
Taiwan,Fish,,X,
Tajikistan,Cotton,X,X,X
Tanzania,Cattle,X,,
Tanzania,Cloves,X,,
Tanzania,Coffee,X,,
Tanzania,Gold,X,,
Tanzania,Nile Perch (fish),X,,
Tanzania,Rice,X,,
Tanzania,Sisal,X,,
Tanzania,Stones,X,,
Tanzania,Tanzanite (gems),X,,
Tanzania,Tea,X,,
Tanzania,Tobacco,X,,
Thailand,Fish,,X,
Thailand,Garments,X,X,X
Thailand,Pornography,X,,
Thailand,Shrimp,,X,
Thailand,Sugarcane,X,,
Turkey (Türkiye),Citrus Fruits,X,,
Turkey (Türkiye),Cotton,X,,
Turkey (Türkiye),Cumin,X,,
Turkey (Türkiye),Footwear,X,,
Turkey (Türkiye),Furniture,X,,
Turkey (Türkiye),Garments,X,,
Turkey (Türkiye),Hazelnuts,X,,
Turkey (Türkiye),Peanuts,X,,
Turkey (Türkiye),Pulses (legumes),X,,
Turkey (Türkiye),Sugar Beets,X,,
Turkmenistan,Cotton,X,X,
Uganda,Bricks,X,,
Uganda,Cattle,X,,
Uganda,Charcoal,X,,
Uganda,Coffee,X,,
Uganda,Fish,X,,
Uganda,Gold,X,,
Uganda,Rice,X,,
Uganda,Sand,X,,
Uganda,Stones,X,,
Uganda,Sugarcane,X,,
Uganda,Tea,X,,
Uganda,Tobacco,X,,
Uganda,Vanilla,X,,
Ukraine,Amber,X,,
Ukraine,Coal,X,,
Ukraine,Pornography,X,,
Uzbekistan,Silk Cocoons,,X,
Venezuela,Gold,X,X,
Vietnam,Bricks,X,,
Vietnam,Cashews,X,,
Vietnam,Coffee,X,,
Vietnam,Fish,X,,
Vietnam,Footwear,X,,
Vietnam,Furniture,X,,
Vietnam,Garments,X,X,
Vietnam,Leather,X,,
Vietnam,Pepper,X,,
Vietnam,Rice,X,,
Vietnam,Rubber,X,,
Vietnam,Sugarcane,X,,
Vietnam,Tea,X,,
Vietnam,Textiles,X,,
Vietnam,Timber,X,,
Vietnam,Tobacco,X,,
Yemen,Fish,X,,
Zambia,Cattle,X,,
Zambia,Copper Ore,X,,
Zambia,Cotton,X,,
Zambia,Gems,X,,
Zambia,Manganese,X,,
Zambia,Stones,X,,
Zambia,Tobacco,X,,
Zimbabwe,Gold,X,,
Zimbabwe,Lithium,X,,
Zimbabwe,Sugarcane,X,,
Zimbabwe,Tobacco,X,,