Good,HTS_code_US
Açaí Berries,0811.90.8095
Açaí Berries,0812.90.9000
Açaí Berries,0813.40.2060
Alcoholic Beverages,2203
Alcoholic Beverages,2204
Alcoholic Beverages,2205
Alcoholic Beverages,2206
Alcoholic Beverages,2207.10.3000
Alcoholic Beverages,2208
Aluminum,7601
Aluminum,7603
Aluminum,7604
Aluminum,7605
Aluminum,7606
Amber,9602
Animal Feed,2309.90.1020
Animal Feed,2309.90.1030
Animal Feed,2309.90.1032
Animal Feed,2309.90.1035
Animal Feed,2309.90.1045
Animal Feed,2309.90.1050
Artificial Flowers,6702
Auto Parts and Components (aluminum),8407.32
Auto Parts and Components (aluminum),8407.33
Auto Parts and Components (aluminum),8407.34
Auto Parts and Components (aluminum),8409.91
Auto Parts and Components (aluminum),8708.29
Auto Parts and Components (aluminum),8708.91
Auto Parts and Components (aluminum),8708.94
Auto Parts and Components (aluminum),9401.99
Auto Parts and Components (aluminum),8408.20
Auto Parts and Components (aluminum),8409
Auto Parts and Components (aluminum),8708.30
Auto Parts and Components (aluminum),8708.40
Auto Parts and Components (aluminum),8708.50
Auto Parts and Components (aluminum),8708.70
Auto Parts and Components (aluminum),8708.80
Auto Parts and Components (aluminum),9401.20
Auto Parts and Components (aluminum),9401.90
Bagasse,2303.20.0040
Baked Goods,1905
Bamboo,4402.10
Bamboo,4409.21
Bamboo,4412.10
Bamboo,4418.73
Bamboo,4418.91
Bamboo,4706.30.0000
Bamboo,4823.61
Bananas,0803.90
Beans,0708.20
Beans,0710.22.1000
Beans,0710.22.1500
Beans,0710.22.2000
Beans,0710.22.3700
Beans,0710.22.4090
Beans (green beans),0708.20.9010
Beans (green beans),0710.22.2500
Beans (green beans),0710.22.4010
"Beans (green, soy, yellow)",0708.20.9010
"Beans (green, soy, yellow)",0710.22.2500
"Beans (green, soy, yellow)",0710.22.4010
"Beans (green, soy, yellow)",1201
Beef,0201
Beef,0202
Beef,0210.20.0000
Bidis (hand-rolled cigarettes),2402.20.8000
Biofuel (palm),3826.00.1000
Biofuel (palm),3826.00.3000
Blueberries,0810.40.0024
Blueberries,0810.40.0026
Blueberries,0810.40.0029
Bovines,0102
Brassware,7418.10.0002
Brassware,7418.10.0021
Brassware,7418.10.0023
Brassware,7418.10.0025
Brassware,7418.20.1000
Brassware,9405.10.40
Brazil Nuts/Chestnuts,0801.21.0000
Brazil Nuts/Chestnuts,0801.22.0000
Brazil Nuts/Chestnuts,0802.41.0000
Brazil Nuts/Chestnuts,0802.42.0000
Bricks,6810.11
Bricks,6901
Bricks,6902.10
Bricks,6902.20.10
Bricks,6902.90.10
Bricks,6904
Bricks (clay),6902.90.1010
Broccoli,0704.10
Broccoli,0704.90.4020
Broccoli,0710.80.9722
Broccoli,0710.80.9724
Broccoli,0710.80.9726
Cabbages,0704.90.2000
Carpets,5701
Carpets,5702
Carpets,5703
Carpets,5704
Carpets,5705
Carrots,0706.10.0500
Carrots,0706.10.1000
Carrots,0706.10.2000
Carrots,0710.80.7040
Carrots,0712.90.1000
Cashews,0801.31.0000
Cashews,0801.32.0000
Cattle,0102.21
Cattle,0102.29
Caustic Soda,2815.11
Caustic Soda,2815.12
Cement,2523
Cement,3909.50.2000
Cement,6810
Cement,6811
Ceramics,69
Cereal Grains,1001
Cereal Grains,1002
Cereal Grains,1003
Cereal Grains,1004
Cereal Grains,1005
Cereal Grains,1007
Cereal Grains,1008
Charcoal,4402
Chile Peppers,0709.60.20
Chocolate,1806.31
Chocolate,1806.32
Chocolate,1806.20
Chocolate,1806.90
Christmas Decorations,8539.22.4000
Christmas Decorations,9405.30
Christmas Decorations,9505.10
Cigarettes,2402.20
Cigarettes,2402.10
Citrus Fruits,0805
Cloves,0907
Coal,2701
Cobalt ore (heterogenite),2605.00.0000
Coca (stimulant plant),1211.30.0000
Cocoa,1801.00.0000
Cocoa,1802.00.0000
Cocoa Butter,1804.00
Cocoa Paste,1803.10
Cocoa Paste,1803.20
Cocoa Powder,1805.00
Cocoa Powder,1806.10
Coconut Oil,1513.11
Coconut Oil,1513.19
Coconuts,0801.11.0000
Coconuts,0801.12.0000
Coconuts,0801.19.01
Coffee,0901
Cooking Oil (palm),1513.21
Cooking Oil (palm),1513.29
Cooking Oil (palm),1511.10
Cooking Oil (palm),1511.90
Copper Ore,2603
Copper Products,7403
Copper Products,7404
Copper Products,7405
Copper Products,7406
Copper Products,7407
Copper Products,7408
Copper Products,7409
Copper Products,7410
Copper Products,7401.00.0000
Copper Products,7402.00.0000
Copra Meal,2306.50
Corn,0709.99.4500
Corn,0710.40.0000
Corn,1005.10
Corn,1005.90.2015
Corn,1005.90.2025
Corn,1005.90.4060
Cotton,5201
Cottonseed (hybrid),1207.21.0000
Cottonseed (hybrid),1207.29.0000
Crude Palm Kernel Oil,1513.21.0000
Crude Palm Oil,1511.10.0000
Cucumbers,0707.00
Cumin,0909.31.0000
Cumin,0909.32.0000
Dairy Products ,0401
Dairy Products ,0402
Dairy Products ,0403
Dairy Products ,0404
Dairy Products ,0405
Dairy Products ,0406
Diamonds,7102
Dried Fish,0305.31.0100
Dried Fish,0305.32
Dried Fish,0305.39
Dried Fish,0305.51.0000
Dried Fish,0305.52.0000
Dried Fish,0305.53.0000
Dried Fish,0305.54.0000
Dried Fish,0305.59.0001
Eggplants,0709.30
Electrolytic Copper Products,7409.11
Electrolytic Copper Products,7409.19
Electrolytic Copper Products,7410.11
Electrolytic Copper Products,7410.12
Electrolytic Copper Products,7403.11.0000
Electrolytic Copper Products,7403.12.0000
Electrolytic Copper Products,7403.13.0000
Electrolytic Copper Products,7403.19.0000
Electrolytic Copper Products,7411.10
Electrolytic Copper Products,7412.10
Electronics,85
Embellished Textiles,5407.91.2010
Embellished Textiles,5407.92.2010
Embellished Textiles,5809.00.0000
Emeralds,7103.10
Emeralds,7103.91.0030
Fashion Accessories,7117.19
Fashion Accessories,7117.90.1000
Fashion Accessories,7117.90.4500
Fashion Accessories,7117.90.5500
Fashion Accessories,7117.90.6000
Fashion Accessories,7117.90.7500
Fashion Accessories,7117.90.9000
Fashion Accessories,9601.90.2000
Fashion Accessories,9601.90.4000
Fireworks,3604.10
Fish,0301
Fish,0302
Fish,0303
Fish,0304
Fish Oil,1504.10
Fish Oil,1504.20
Fish Oil,1504.30
Fishmeal,2301.20
Flowers,0603
Fluorspar (mineral),2529.21.0000
Fluorspar (mineral),2529.22.0000
Footwear,64
Footwear (sandals),6402.99.27
Footwear (sandals),6403.20.0000
Fruits (Pome and Stone),0808
Fruits (Pome and Stone),0809
Furfural,2932.12
Furfural,2932.13
Furniture,94
Furniture (steel),9402.10.0000
Furniture (steel),9402.90
Furniture (steel),9403.10
Furniture (steel),9403.20
Garlic,0703.20
Garlic,0712.90.40
Garments,61
Garments,62
Garments (cotton),6101.20
Garments (cotton),6101.90.9010
Garments (cotton),6102.20
Garments (cotton),6102.90.9005
Garments (cotton),6103.10.60
Garments (cotton),6103.10.9010
Garments (cotton),6103.10.9020
Garments (cotton),6103.10.9030
Garments (cotton),6103.22
Garments (cotton),6103.29.2058
Garments (cotton),6103.32
Garments (cotton),6103.39.8010
Garments (cotton),6103.42
Garments (cotton),6103.49.8010
Garments (cotton),6103.49.8034
Garments (cotton),6104.19.60
Garments (cotton),6104.19.8010
Garments (cotton),6104.19.8020
Garments (cotton),6104.19.8030
Garments (cotton),6104.19.8040
Garments (cotton),6104.22
Garments (cotton),6104.29.2010
Garments (cotton),6104.29.2022
Garments (cotton),6104.29.2034
Garments (cotton),6104.29.2049
Garments (cotton),6104.29.2065
Garments (cotton),6104.29.2081
Garments (cotton),6104.32
Garments (cotton),6104.39.2010
Garments (cotton),6104.42
Garments (cotton),6104.49.9010
Garments (cotton),6104.52
Garments (cotton),6104.59.8010
Garments (cotton),6104.62
Garments (cotton),6104.69.8010
Garments (cotton),6104.69.8022
Garments (cotton),6105.10
Garments (cotton),6105.90.8010
Garments (cotton),6106.10
Garments (cotton),6106.90.2510
Garments (cotton),6106.90.3010
Garments (cotton),6107.11
Garments (cotton),6107.21
Garments (cotton),6107.91
Garments (cotton),6108.21
Garments (cotton),6108.31
Garments (cotton),6108.91
Garments (cotton),6109.10
Garments (cotton),6110.20
Garments (cotton),6110.90.9010
Garments (cotton),6110.90.9026
Garments (cotton),6110.90.9044
Garments (cotton),6110.90.9067
Garments (cotton),6111.20
Garments (cotton),6112.11
Garments (cotton),6112.20.2010
Garments (cotton),6112.39.0010
Garments (cotton),6112.49.0010
Garments (cotton),6113.00.9015
Garments (cotton),6113.00.9038
Garments (cotton),6113.00.9055
Garments (cotton),6113.00.9074
Garments (cotton),6114.20
Garments (cotton),6114.90.9045
Garments (cotton),6115.10.1510
Garments (cotton),6115.10.30
Garments (cotton),6115.29.8010
Garments (cotton),6115.95
Garments (cotton),6116.10.1720
Garments (cotton),6116.10.4810
Garments (cotton),6116.10.5510
Garments (cotton),6116.10.7510
Garments (cotton),6116.92
Garments (cotton),6116.99.9510
Garments (cotton),6117.10.6010
Garments (cotton),6117.80.8710
Garments (cotton),6117.80.9510
Garments (cotton),6117.90.9003
Garments (cotton),6117.90.9020
Garments (cotton),6117.90.9040
Garments (cotton),6117.90.9060
Garments (cotton),6117.90.9080
Garments (cotton),6201.30
Garments (cotton),6202.30
Garments (cotton),6203.19.10
Garments (cotton),6203.19.9010
Garments (cotton),6203.22
Garments (cotton),6203.32
Garments (cotton),6203.39.9010
Garments (cotton),6203.42
Garments (cotton),6203.49.9020
Garments (cotton),6204.12
Garments (cotton),6204.19.8010
Garments (cotton),6204.22
Garments (cotton),6204.29.4010
Garments (cotton),6204.29.4022
Garments (cotton),6204.29.4034
Garments (cotton),6204.29.4070
Garments (cotton),6204.29.4082
Garments (cotton),6204.32
Garments (cotton),6204.39.8010
Garments (cotton),6204.42
Garments (cotton),6204.49.5010
Garments (cotton),6204.52
Garments (cotton),6204.59.4010
Garments (cotton),6204.62
Garments (cotton),6204.69.0510
Garments (cotton),6204.69.0610
Garments (cotton),6204.69.6510
Garments (cotton),6204.69.8010
Garments (cotton),6205.20
Garments (cotton),6205.90.3010
Garments (cotton),6205.90.4010
Garments (cotton),6206.10.0010
Garments (cotton),6206.30
Garments (cotton),6206.90.0010
Garments (cotton),6207.11
Garments (cotton),6207.21
Garments (cotton),6207.91
Garments (cotton),6208.19.20
Garments (cotton),6208.21
Garments (cotton),6208.91
Garments (cotton),6209.20
Garments (cotton),6211.11.8010
Garments (cotton),6211.11.8020
Garments (cotton),6211.12.8010
Garments (cotton),6211.12.8020
Garments (cotton),6211.20.0410
Garments (cotton),6211.20.0430
Garments (cotton),6211.20.1510
Garments (cotton),6211.20.1520
Garments (cotton),6211.20.1530
Garments (cotton),6211.20.1540
Garments (cotton),6211.20.1550
Garments (cotton),6211.20.1560
Garments (cotton),6211.20.2810
Garments (cotton),6211.20.3810
Garments (cotton),6211.20.4815
Garments (cotton),6211.20.5810
Garments (cotton),6211.20.6810
Garments (cotton),6211.20.7810
Garments (cotton),6211.32
Garments (cotton),6211.42
Garments (cotton),6212.10.5010
Garments (cotton),6212.10.9010
Garments (cotton),6212.20.0010
Garments (cotton),6212.30.0010
Garments (cotton),6212.90.0010
Garments (cotton),6213.20
Garments (cotton),6214.90.0010
Garments (cotton),6215.90.0015
Garments (cotton),6216.00.1720
Garments (cotton),6216.00.2110
Garments (cotton),6216.00.2410
Garments (cotton),6216.00.2910
Garments (cotton),6216.00.3300
Garments (cotton),6216.00.3500
Garments (cotton),6217.10.9510
Garments (cotton),6217.90.9003
Garments (cotton),6217.90.9025
Garments (cotton),6217.90.9050
Garments (cotton),6217.90.9075
Gems,7101
Gems,7102
Gems,7103
Glass,70
Glass Bangles,7117.90.5500
Glass Bangles,7117.90.9000
Gloves,4203.29
Gloves,6116.91
Goats,0104.20
Gold,7108
Gold,7115.90.0530
Granite,2516.11.0000
Granite,2516.12
Granite (crushed),2517
Grapes,0806.10
Gravel (crushed stones),2517.10.0015
Gypsum (mineral),2520.10.0000
Hair Products,0501.00.0000
Hair Products,6703.00.3000
Hair Products,6704.20.0000
Hazelnuts,0802.21.0000
Hazelnuts,0802.22.0000
Hogs,0103
Incense (agarbatti),3307.41.0000
Indium,8112.92.30
Ingots,2804.61.0000
Iron,2601
Iron,7206
Jade,7103.10
Jade,7103.99
Jade,7104.20.0000
Jade,7104.90
Jujubes,0810.90.4680
Jujubes,0811.90.8095
Jujubes,0813.40.9000
Jute (textiles),5301
Khat (stimulant plant),1211.90.9231
Khat/Miraa (stimulant plant),1211.90.9231
Leather,4104
Leather,4105
Leather,4106
Leather,4107
Leather,4112
Leather,4113
Leather,4114
Leather,4115
Leather Goods/Accessories,42
Lettuce,0705.11
Lettuce,0705.19
Lithium,2836.91
Lithium,2904.33
Lithium,2825.20
Lithium,2845.30
Lithium-Ion Batteries,8507.60
Lobsters,0306.11
Lobsters,0306.12
Lobsters,0306.15.0000
Lobsters,0306.31.0000
Lobsters,0306.32
Lobsters,0306.34.0000
Lobsters,0306.91.0000
Lobsters,0306.92.0000
Lobsters,0306.94.0000
Locks,8301.10
Locks,8301.20
Locks,8301.30
Locks,8301.40
Locks,8301.50
Locks,8301.60
Lumber,4403
Lumber,4407
Lumber,4408
Lumber,4409
Lumber,4410
Lumber,4411
Lumber,4412
Lumber,4701.00
Lumber,4702.00
Lumber,4703
Lumber,4704
Lumber,4705.00
Lumber,4706
Lumber,4707
Manganese,2602.00
Manganese,2820.10
Manganese,2820.90
Manganese,8111.00
Manioc/Cassava,0714.10
Matches,3605
Meat,02
Melons,0807.11
Melons,0807.19
Metallurgical Grade Silicon,2804.69.5000
Mica,2525.10
Molasses,1703.10
Nails,7317
Nails,7415.10.0000
Nails,7616.10.1000
Nickel,7501
Nickel,7502
Nickel,2604.00.0040
Nickel,7202.60.0000
Nickel,7503.00.0000
Nile Perch (fish),0302.79.5025
Nile Perch (fish),0303.29.0110
Nile Perch (fish),0304.33.0000
Nile Perch (fish),0304.63.0000
Nile Perch (fish),0305.31.0100
Nile Perch (fish),0305.44.0100
Nile Perch (fish),0305.52.0000
Nile Perch (fish),0305.64
Oleochemicals,3823.70.2000
Olives,0709.92.0000
Olives,0712.90.1500
Olives,0712.90.2000
Onions,0703.10.2000
Onions,0703.10.3000
Onions,0712.20
Palm Fruit,1207.10.0000
Palm Thatch,4601.94.0500
Peanuts,1202
Pepper,0904.11
Pepper,0904.12.0000
Peppers,0709.60.20
Peppers,0709.60.40
Peppers,0904.21
Peppers,0904.22
Physic Nuts,1207.30.0000
Physic Nuts,1207.99.0391
Pineapples,0804.30
Polysilicon,2804.61.0000
Polyvinyl Chloride,3904.10
Polyvinyl Chloride,3904.21.0000
Polyvinyl Chloride,3904.22.0000
Polyvinyl Chloride,3915.30.0000
Poppies,1302.11.0000
Potatoes,0701
Poultry,0105
Poultry,0207
Pulses (legumes),0708
Pulses (legumes),0713
Pyrotechnics,3604
Pyrotechnics,3605
Raw Sugar,1701.13
Raw Sugar,1701.14
Recovered Metals (Electronic Waste),8549
Refined Palm Kernel Oil,1513.29.0000
Refined Palm Oil,1511.90.0000
Refined Sugar,1701.91
Refined Sugar,1701.99
Rice,1006
Rice,1008.90.0120
Rubber,4001
Rubber Gloves,4015.11
Rubber Gloves,4015.19
Rubies,7103.10
Rubies,7103.91.0010
Rum,2208.40
Salt,2501.00.0000
Sand,2505
Sandstone,2516.20
Sapphires,7103.10
Sapphires,7103.91.0020
Sesame,1207.40.0000
Sheep,0104.10.0000
Shellfish,0307
Shrimp,0306.16
Shrimp,0306.17
Shrimp,0306.35
Shrimp,0306.36
Shrimp,0306.95
Silk Cocoons,5001.00.0000
Silk Fabric,5007
Silk Thread,5004.00.0000
Silk Thread,5005
Silk Thread,5006
Silver,2616.10
Sisal,5607.21.0000
Sisal,5607.29.0000
Soap,3401.11
Soap,3401.19.0000
Soap,3401.20.0000
Soccer Balls,9506.62.4080
Solar Cells,8541.40.6025
Solar Modules,8541.40.6015
Squid,0307.42.0020
Squid,0307.42.0040
Squid,0307.42.0060
Squid,0307.43.0010
Squid,0307.43.0022
Squid,0307.43.0029
Squid,0307.43.0050
Squid,0307.43.0060
Squid,0307.49.0122
Squid,0307.49.0124
Squid,0307.49.0129
Squid,0307.49.0150
Squid,0307.49.0160
Squid,0307.43.0024
Squid,1605.54.6020
Squid,1605.54.6030
Stones,2513-2530
Stones (limestone),2517.10.0020
Stones (limestone),2521.00.0000
Stones (pumice),2513.10
Strawberries,0810.10
Sugar Beets,1212.91.0000
Sugarcane,1212.93.0000
Sunflowers,0603.90.0000
Surgical Instruments,9018
Sweet Potates,0714.20
Tantalum Ore (coltan),2615.90.6030
Tantalum Ore (coltan),2615.90.6060
Tanzanite (gems),7103.10
Tanzanite (gems),7103.99
Tanzanite (gems),7104.20.0000
Tanzanite (gems),7104.90
Tea,0902
Tea,2101.20
Tea,2106.90.9887
Teak,4403.99.0195
Teak,4407.29.0131
Textiles (cotton),5203
Textiles,50-63
Textiles (hand-woven),5111
Textiles (hand-woven),5208
Textiles (hand-woven),5209
Thread/Yarn,5204
Thread/Yarn,5205
Thread/Yarn,5206
Thread/Yarn,5207
Thread/Yarn,5401
Thread/Yarn,5402
Thread/Yarn,5403
Thread/Yarn,5406
Thread/Yarn,5508
Thread/Yarn,5509
Thread/Yarn,5510
Thread/Yarn,5511
Thread/Yarn (cotton),5204
Thread/Yarn (cotton),5205
Thread/Yarn (cotton),5206
Thread/Yarn (cotton),5207
Tilapia (fish),0302.71
Tilapia (fish),0303.23.0000
Tilapia (fish),0303.89.0040
Tilapia (fish),0304.31.0000
Tilapia (fish),0304.49.0112
Tilapia (fish),0304.51.0125
Tilapia (fish),0304.59.0030
Tilapia (fish),0304.61.0000
Tilapia (fish),0304.93
Tilapia (fish),0305.31.0100
Tilapia (fish),0305.44.0100
Tilapia (fish),0305.52.0000
Timber,4403
Tin,80
Tin Ore (cassiterite),2609
Tobacco,2401
Tomato Products,0712.90.7400
Tomato Products,0712.90.7800
Tomato Products,2002.90
Tomato Products,2009.50
Tomato Products,1209.91.8070
Tomato Products,2103.20
Tomato Products,2103.90.9051
Tomato Products,2103.90.9059
Tomatoes,0702
Tomatoes,0710.80.4000
Tomatoes,0710.80.4500
Tomatoes,0710.80.5000
Toys,9503
Toys,9504
Toys,9505.90.2000
Trona (mineral),2836.20.0000
Trona (mineral),2836.30.0000
Tungsten Ore (wolframite),2611
Vanilla,0905
Wafers,8541.40.6010
Wheat,1001
Yerba Mate (stimulant plant),0903.00.0000
Zinc,2608
Zinc,2620.11.0000
Zinc,2620.19.3000
Zinc,7901
Zinc,7902.00.0000
Zinc,7903
Zinc,7904.00.0000
Zinc,7905.00.0000